Date,Open,High,Low,Close,Adj Close,Volume,Symbol,Name,Is_ETF
2021-01-15,125.94000244140624,126.87000274658205,124.80999755859376,125.69000244140624,125.69000244140624,760837.0,A,"Agilent Technologies, Inc. Common Stock",N
2021-01-15,24.51499938964844,24.51499938964844,22.96999931335449,23.6299991607666,23.6299991607666,3314728.0,AA,Alcoa Corporation Common Stock ,N
2021-01-15,62.230899810791016,62.230899810791016,62.230899810791016,62.230899810791016,62.230899810791016,521.0,AADR,AdvisorShares Dorsey Wright ADR ETF,Y
2021-01-15,25.13999938964844,25.13999938964844,25.12669944763184,25.13999938964844,25.13999938964844,2285.0,AAA,Listed Funds Trust AAF First Priority CLO Bond ETF,Y
2021-01-15,18.36000061035156,18.36000061035156,18.15999984741211,18.23660087585449,18.23660087585449,228702.0,AAAU,Goldman Sachs Physical Gold ETF Shares,Y
2021-01-15,3.930000066757202,3.930000066757202,3.900000095367432,3.930000066757202,3.930000066757202,42260.0,AAIC,Arlington Asset Investment Corp Class A (new),N
2021-01-15,21.21999931335449,21.239999771118164,21.200000762939453,21.200000762939453,21.200000762939453,932.0,AAMC,Altisource Asset Management Corp Com,N
2021-01-15,22.1299991607666,22.709999084472656,20.88999938964844,21.420000076293945,21.420000076293945,228262.0,AAN,"Aarons Holdings Company, Inc. Common Stock ",N
2021-01-15,167.39999389648438,167.80999755859375,164.99000549316406,166.1300048828125,166.1300048828125,317725.0,AAP,Advance Auto Parts Inc Advance Auto Parts Inc W/I,N
2021-01-15,28.729999542236328,28.940000534057617,28.43000030517578,28.815000534057617,28.815000534057617,46298.0,AAT,"American Assets Trust, Inc. Common Stock",N
2021-01-15,35.130001068115234,35.369998931884766,34.31999969482422,35.099998474121094,35.099998474121094,180695.0,AB,AllianceBernstein Holding L.P.  Units,N
2021-01-15,0.6299999952316284,0.636900007724762,0.5699999928474426,0.5877000093460083,0.5877000093460083,2149183.0,AAU,"Almaden Minerals, Ltd. Common Shares",N
2021-01-15,111.1999969482422,111.55999755859376,109.48999786376952,110.2468032836914,110.2468032836914,4626479.0,ABBV,AbbVie Inc. Common Stock,N
2021-01-15,105.5999984741211,107.12999725341795,104.52999877929688,106.80999755859376,106.80999755859376,453839.0,ABC,AmerisourceBergen Corporation Common Stock,N
2021-01-15,25.793100357055664,25.793100357055664,25.793100357055664,25.793100357055664,25.793100357055664,287.0,ABEQ,Absolute Core Strategy ETF,Y
2021-01-15,3.0999999046325684,3.125,3.063199996948242,3.0899999141693115,3.0899999141693115,12109133.0,ABEV,Ambev S.A. American Depositary Shares (Each representing 1 Common Share),N
2021-01-15,29.84000015258789,29.940000534057617,29.309999465942383,29.3799991607666,29.3799991607666,1503974.0,ABB,ABB Ltd Common Stock,N
2021-01-15,162.58999633789062,163.80999755859375,159.57000732421875,162.67999267578125,162.67999267578125,41572.0,ABG,Asbury Automotive Group Inc Common Stock,N
2021-01-15,41.59000015258789,41.68999862670898,40.68999862670898,41.244998931884766,41.244998931884766,106684.0,ABM,ABM Industries Incorporated Common Stock,N
2021-01-15,14.359999656677246,14.470000267028809,14.279999732971191,14.45110034942627,14.45110034942627,401463.0,ABR,Arbor Realty Trust Common Stock,N
2021-01-15,110.0,110.75,109.4000015258789,110.31999969482422,110.31999969482422,1904331.0,ABT,Abbott Laboratories Common Stock,N
2021-01-15,35.06999969482422,36.25,35.06999969482422,36.04999923706055,36.04999923706055,6907.0,AC,"Associated Capital Group, Inc. Common Stock",N
2021-01-15,62.86000061035156,62.97999954223633,62.087501525878906,62.88999938964844,62.88999938964844,83955.0,ACA,"Arcosa, Inc. Common Stock ",N
2021-01-15,12.850000381469728,13.31700038909912,11.850000381469728,12.100000381469728,12.100000381469728,35820250.0,ACB,Aurora Cannabis Inc. Common Shares,N
2021-01-15,43.16999816894531,43.584999084472656,42.59000015258789,43.29460144042969,43.29460144042969,492295.0,ACC,American Campus Communities Inc Common Stock,N
2021-01-15,8.670000076293945,8.760000228881836,8.555299758911133,8.760000228881836,8.760000228881836,123339.0,ACCO,Acco Brands Corporation Common Stock,N
2021-01-15,10.649999618530272,10.789999961853027,10.390000343322754,10.609999656677246,10.609999656677246,103567.0,ACEL,"Accel Entertainment, Inc. ",N
2021-01-15,95.31999969482422,95.1999969482422,90.86000061035156,92.0,92.0,138321.0,ACES,ALPS Clean Energy ETF,Y
2021-01-15,8.630000114440918,8.640000343322754,8.529999732971191,8.630000114440918,8.630000114440918,22269.0,ACH,Aluminum Corporation of China Limited American Depositary Shares,N
2021-01-15,17.5,17.770000457763672,17.309999465942383,17.349899291992188,17.349899291992188,1393415.0,ACI,"Albertsons Companies, Inc. Class A Common Stock",N
2021-01-15,27.780000686645508,27.700000762939453,27.59499931335449,27.700000762939453,27.700000762939453,4116.0,ACIO,ETF Series Solutions Aptus Collared Income Opportunity ETF,Y
2021-01-15,53.720001220703125,53.720001220703125,52.77999877929688,53.58000183105469,53.58000183105469,242755.0,ACM,AECOM Common Stock,N
2021-01-15,253.6199951171875,255.9100036621093,253.16700744628903,253.8099975585937,253.8099975585937,865666.0,ACN,Accenture plc Class A Ordinary Shares (Ireland),N
2021-01-15,10.65999984741211,10.68000030517578,10.369999885559082,10.399999618530272,10.399999618530272,161767.0,ACND,Ascendant Digital Acquisition Corp. Class A Ordinary Shares,N
2021-01-15,11.199999809265137,11.199999809265137,11.100000381469728,11.164999961853027,11.164999961853027,50902.0,ACP,Aberdeen Income Credit Strategies Fund Common Shares,N
2021-01-15,12.109999656677246,12.0600004196167,11.954999923706056,11.994999885559082,11.994999885559082,124806.0,ACRE,Ares Commercial Real Estate Corporation Common Stock,N
2021-01-15,32.641300201416016,32.36000061035156,32.36000061035156,32.36000061035156,32.36000061035156,380.0,ACSG,Xtrackers MSCI ACWI ex USA ESG Leaders Equity ETF,Y
2021-01-15,43.79999923706055,43.79999923706055,43.79999923706055,43.79999923706055,43.79999923706055,228.0,ACSI,American Customer Satisfaction ETF,Y
2021-01-14,33.130001068115234,33.48699951171875,33.11000061035156,33.32500076293945,33.32500076293945,2100.0,ACTV,LeaderShares Activist Leaders ETF,Y
2021-01-15,34.220001220703125,34.220001220703125,33.7599983215332,33.96329879760742,33.96329879760742,15570.0,ACV,AllianzGI Diversified Income & Convertible Fund Common Shares of Beneficial Interest,N
2021-01-15,32.04999923706055,32.94240188598633,32.5,32.94240188598633,32.94240188598633,3934.0,ACU,Acme United Corporation. Common Stock,N
2021-01-15,30.0,29.40999984741211,27.690000534057617,27.86000061035156,27.86000061035156,8044.0,ACVF,American Conservative Values ETF,Y
2021-01-15,34.9900016784668,34.9900016784668,34.759300231933594,34.85900115966797,34.85900115966797,10159.0,ACWF,iShares MSCI Global Multifactor ETF,Y
2021-01-15,96.88999938964844,97.3499984741211,96.77999877929688,97.27999877929688,97.27999877929688,138809.0,ACWV,iShares MSCI Global Min Vol Factor ETF,Y
2021-01-15,8.550000190734863,8.5,8.060099601745605,8.266799926757812,8.266799926757812,74863.0,ACY,AeroCentury Corp. Common Stock,N
2021-01-15,62.25,63.630001068115234,61.913700103759766,63.2400016784668,63.2400016784668,150119.0,ADC,Agree Realty Corporation Common Stock,N
2021-01-15,33.2599983215332,34.439998626708984,32.33000183105469,32.7400016784668,32.7400016784668,103470.0,ADCT,ADC Therapeutics SA Common Shares,N
2021-01-15,36.09999847412109,35.88999938964844,35.720001220703125,35.720001220703125,35.720001220703125,2637.0,ADME,Aptus Drawdown Managed Equity ETF,Y
2021-01-15,52.54999923706055,52.77000045776367,51.59000015258789,52.119998931884766,52.119998931884766,1188756.0,ADM,Archer-Daniels-Midland Company Common Stock,N
2021-01-15,9.899999618530272,9.899999618530272,9.899999618530272,9.899999618530272,9.899999618530272,14446.0,ADFI,Anfield Dynamic Fixed Income ETF,Y
2021-01-15,35.63999938964844,36.119998931884766,34.320098876953125,35.002498626708984,35.002498626708984,270145.0,ADNT,Adient plc Ordinary Shares ,N
2021-01-15,73.0,74.0,70.02999877929688,70.55999755859375,70.55999755859375,459254.0,ADS,Alliance Data Systems Corporation Common Stock,N
2021-01-15,8.890000343322754,8.989999771118164,8.649999618530273,8.770000457763672,8.770000457763672,1727022.0,ADT,ADT Inc. Common Stock,N
2021-01-15,24.5,26.456499099731445,24.389299392700195,24.90999984741211,24.90999984741211,4935.0,AE,"Adams Resources & Energy, Inc. Common Stock",N
2021-01-15,17.389999389648438,17.479999542236328,17.350000381469727,17.434999465942383,17.434999465942383,101773.0,ADX,Adams Diversified Equity Fund Inc.,N
2021-01-15,25.15999984741211,25.21999931335449,25.153200149536133,25.199499130249023,25.199499130249023,3594.0,AEB,AEGON N.V. Perp. Cap. Secs. Floating Rate (Netherlands),N
2021-01-15,73.9000015258789,74.75,73.41999816894531,74.48999786376953,74.48999786376953,517272.0,AEE,Ameren Corporation Common Stock,N
2021-01-15,24.06999969482422,26.26000022888184,26.12989997863769,26.14999961853028,26.14999961853028,40240.0,AEFC,Aegon Funding Company LLC 5.10% Subordinated Notes due 2049,N
2021-01-15,8.569999694824219,8.609999656677246,8.40779972076416,8.470000267028809,8.470000267028809,46052.0,AEF,"Aberdeen Emerging Markets Equity Income Fund, Inc. Common Stock",N
2021-01-15,4.380000114440918,4.394999980926514,4.2729997634887695,4.370999813079834,4.370999813079834,2611577.0,AEG,AEGON N.V. Common Stock,N
2021-01-15,30.020000457763672,30.82999992370605,29.68000030517578,30.60460090637207,30.60460090637207,227759.0,AEL,American Equity Investment Life Holding Company Common Stock,N
2021-01-15,69.72000122070312,69.81999969482422,68.31999969482422,68.98999786376953,68.98999786376953,553296.0,AEM,Agnico Eagle Mines Limited Common Stock,N
2021-01-15,2.299999952316284,2.299999952316284,2.299999952316284,2.299999952316284,2.299999952316284,126.0,AENZ,Aenza S.A.A. American Depositary Shares,N
2021-01-15,45.95000076293945,45.81499862670898,43.97999954223633,44.59999847412109,44.59999847412109,484451.0,AER,AerCap Holdings N.V. Ordinary Shares,N
2021-01-15,23.07999992370605,23.26000022888184,22.34239959716797,22.81999969482422,22.81999969482422,1638693.0,AEO,"American Eagle Outfitters, Inc. Common Stock",N
2021-01-15,27.270000457763672,27.600000381469727,27.15999984741211,27.55990028381348,27.55990028381348,1996444.0,AES,The AES Corporation Common Stock,N
2021-01-15,11.880000114440918,11.91230010986328,11.880000114440918,11.890000343322754,11.890000343322754,10867.0,AESR,Anfield U.S. Equity Sector Rotation ETF,Y
2021-01-15,14.100000381469728,14.100000381469728,14.07009983062744,14.079999923706056,14.079999923706056,24977.0,AFB,AllianceBernstein National Municipal Income Fund Inc,N
2021-01-15,25.729999542236328,25.570899963378903,25.530000686645508,25.530000686645508,25.530000686645508,4589.0,AFC,"Allied Capital Corporation Allied Capital Corporation 6.875% Notes due April 15, 2047",N
2021-01-15,87.7699966430664,87.80999755859375,86.45999908447266,87.44999694824219,87.44999694824219,114687.0,AFG,"American Financial Group, Inc. Common Stock",N
2021-01-15,27.1299991607666,27.290000915527344,27.097999572753903,27.290000915527344,27.290000915527344,10415.0,AFGB,"American Financial Group, Inc. 5.875% Subordinated Debentures due 2059",N
2021-01-15,27.57999992370605,27.799999237060547,27.57999992370605,27.799999237060547,27.799999237060547,1652.0,AFGD,"American Financial Group, Inc. 5.625% Subordinated Debentures due 2060",N
2021-01-15,26.799999237060547,27.01000022888184,26.85950088500977,27.01000022888184,27.01000022888184,1887.0,AFGC,"American Financial Group, Inc. 5.125% Subordinated Debentures due 2059",N
2021-01-15,27.075000762939453,27.075000762939453,27.075000762939453,27.075000762939453,27.075000762939453,110.0,AFGE,"American Financial Group, Inc. 4.500% Subordinated Debentures due 2060",N
2021-01-15,4.150000095367432,4.175000190734863,3.9700000286102295,4.139999866485596,4.139999866485596,118371.0,AFI,"Armstrong Flooring, Inc. Common Stock",N
2021-01-15,9.760000228881836,9.760000228881836,9.760000228881836,9.760000228881836,9.760000228881836,5070.0,AFIF,Anfield Universal Fixed Income ETF,Y
2021-01-15,21.350000381469727,21.350000381469727,21.200000762939453,21.270000457763672,21.270000457763672,11173.0,AFK,VanEck Vectors-Africa Index ETF,Y
2021-01-15,46.52999877929688,46.81999969482422,46.02999877929688,46.52000045776367,46.52000045776367,1230773.0,AFL,AFLAC Incorporated Common Stock,N
2021-01-15,22.709999084472656,22.709999084472656,22.57999992370605,22.68000030517578,22.68000030517578,6476.0,AFLG,First Trust Active Factor Large Cap ETF,Y
2021-01-14,22.72699928283692,22.72699928283692,22.72699928283692,22.72699928283692,22.72699928283692,100.0,AFMC,First Trust Active Factor Mid Cap ETF,Y
2021-01-14,24.035999298095703,24.035999298095703,24.035999298095703,24.035999298095703,24.035999298095703,100.0,AFSM,First Trust Active Factor Small Cap ETF,Y
2021-01-15,14.640000343322754,14.640000343322754,14.600000381469728,14.607999801635742,14.607999801635742,15971.0,AFT,Apollo Senior Floating Rate Fund Inc. Common Stock,N
2021-01-15,24.11000061035156,24.12529945373535,24.049999237060547,24.049999237060547,24.049999237060547,7889.0,AFTY,Pacer CSOP FTSE China A50 ETF,Y
2021-01-15,12.369999885559082,12.359999656677246,11.89109992980957,12.130000114440918,12.130000114440918,7952219.0,AG,First Majestic Silver Corp. Ordinary Shares (Canada),N
2021-01-15,10.729999542236328,10.720000267028809,10.640000343322754,10.69499969482422,10.69499969482422,24452.0,AGD,Aberdeen Global Dynamic Dividend Fund,N
2021-01-15,115.72000122070312,115.8000030517578,112.31999969482422,114.0999984741211,114.0999984741211,259073.0,AGCO,AGCO Corporation Common Stock,N
2021-01-15,1.9700000286102293,1.9700000286102293,1.7599999904632568,1.8899999856948853,1.8899999856948853,225763.0,AGE,"AgeX Therapeutics, Inc. Common Stock",N
2021-01-15,117.33999633789062,117.35669708251952,117.18000030517578,117.3499984741211,117.3499984741211,2075803.0,AGG,iShares Core U.S. Aggregate Bond ETF,Y
2021-01-15,19.8799991607666,19.8799991607666,19.8799991607666,19.8799991607666,19.8799991607666,844.0,AGGP,IQ Enhanced Core Plus Bond U.S. ETF,Y
2021-01-15,8.25,8.25,8.010000228881836,8.038299560546875,8.038299560546875,1078848.0,AGI,Alamos Gold Inc. Class A Common Shares,N
2021-01-15,53.18999862670898,53.27999877929688,53.18999862670898,53.27429962158203,53.27429962158203,40664.0,AGGY,WisdomTree Yield Enhanced U.S. Aggregate Bond Fund,Y
2021-01-15,79.25,79.40499877929688,78.25,79.29000091552734,79.29000091552734,14932.0,AGM,Federal Agricultural Mortgage Corporation Common Stock,N
2021-01-15,38.630001068115234,39.150001525878906,38.40999984741211,38.93000030517578,38.93000030517578,266942.0,AGO,Assured Guaranty Ltd. Common Stock,N
2021-01-15,44.60860061645508,45.34999847412109,43.31010055541992,44.18529891967773,44.18529891967773,1079695.0,AGQ,ProShares Ultra Silver,Y
2021-01-15,44.86000061035156,45.34000015258789,44.45000076293945,45.02999877929688,45.02999877929688,263821.0,AGR,"Avangrid, Inc. Common Stock",N
2021-01-15,7.869999885559082,8.039999961853027,7.900000095367432,7.985000133514404,7.985000133514404,146220.0,AGRO,Adecoagro S.A. Common Shares,N
2021-01-15,6.159999847412109,6.239999771118164,5.940000057220459,6.21999979019165,6.21999979019165,171359.0,AGS,"PlayAGS, Inc. Common Stock",N
2021-01-14,26.34000015258789,26.39900016784668,26.34000015258789,26.39900016784668,26.39900016784668,300.0,AGT,iShares MSCI Argentina and Global Exposure ETF,Y
2021-01-15,46.29999923706055,46.29499816894531,45.93999862670898,46.209999084472656,46.209999084472656,24364.0,AGX,"Argan, Inc. Common Stock",N
2021-01-15,119.25,119.3302001953125,119.2500991821289,119.28160095214844,119.28160095214844,132003.0,AGZ,iShares  Agency Bond ETF,Y
2021-01-15,1.899999976158142,1.940000057220459,1.870000004768372,1.9377000331878664,1.9377000331878664,57157.0,AHC,A.H. Belo Corporation (TX) Common Stock,N
2021-01-15,11.260000228881836,11.43000030517578,11.119999885559082,11.350000381469728,11.350000381469728,80905.0,AHH,"Armada Hoffler Properties, Inc. Common Stock",N
2021-01-15,2.8399999141693115,2.8499999046325684,2.509999990463257,2.755000114440918,2.755000114440918,5635668.0,AHT,Ashford Hospitality Trust Inc Common Stock,N
2021-01-15,142.0,142.49000549316406,132.60000610351562,135.5500030517578,135.5500030517578,1072725.0,AI,"C3.ai, Inc. Class A Common Stock",N
2021-01-15,24.32999992370605,24.350000381469727,24.299999237060547,24.350000381469727,24.350000381469727,1000.0,AIC,Arlington Asset Investment Corp 6.750% Notes due 2025,N
2021-01-15,38.91999816894531,38.91999816894531,37.959999084472656,38.22999954223633,38.22999954223633,10327.0,AIEQ,AI Powered Equity ETF,Y
2021-01-15,14.449999809265137,14.45110034942627,14.399999618530272,14.40999984741211,14.40999984741211,9671.0,AIF,Apollo Tactical Income Fund Inc. Common Stock,N
2021-01-15,40.880001068115234,41.380001068115234,40.52999877929688,41.34999847412109,41.34999847412109,3388509.0,AIG,"American International Group, Inc. New Common Stock",N
2021-01-15,32.0,32.0,31.75,31.799999237060547,31.799999237060547,873.0,AIIQ,AI Powered International Equity ETF,Y
2021-01-15,2.0,2.078900098800659,1.9700000286102293,2.059999942779541,2.059999942779541,1011738.0,AIM,AIM ImmunoTech Inc. Common Stock,N
2021-01-15,7.519999980926514,7.840000152587891,7.478199958801269,7.800000190734863,7.800000190734863,29292.0,AINC,Ashford Inc. (Holding Company) Common Stock,N
2021-01-15,76.38999938964844,77.25499725341797,74.78150177001953,75.55999755859375,75.55999755859375,35746.0,AIN,Albany International Corporation Common Stock,N
2021-01-15,38.95000076293945,39.375,38.150001525878906,38.61000061035156,38.61000061035156,89023.0,AIR,AAR Corp. Common Stock,N
2021-01-15,28.25,28.303699493408203,27.290000915527344,27.61829948425293,27.61829948425293,87743.0,AIO,AllianzGI Artificial Intelligence & Technology Opportunities Fund Common Shares,N
2021-01-15,38.41999816894531,38.88999938964844,37.720001220703125,38.665000915527344,38.665000915527344,236785.0,AIRC,Apartment Income REIT Corp. Common Stock,N
2021-01-15,1.5,1.5299999713897705,1.4500000476837158,1.5099999904632568,1.5099999904632568,279917.0,AIRI,Air Industries Group Common Stock,N
2021-01-15,83.22000122070312,83.21499633789062,81.79000091552734,83.21499633789062,83.21499633789062,39478.0,AIT,"Applied Industrial Technologies, Inc. Common Stock",N
2021-01-15,24.68000030517578,24.68000030517578,24.68000030517578,24.68000030517578,24.68000030517578,150.0,AIW,Arlington Asset Investment Corp 6.625% Notes due 2023,N
2021-01-15,4.909999847412109,4.920000076293945,4.784999847412109,4.840000152587891,4.840000152587891,2006365.0,AIV,Apartment Investment and Management Company Common Stock,N
2021-01-15,138.00999450683594,139.33999633789062,137.66000366210938,139.25999450683594,139.25999450683594,111421.0,AIZ,"Assurant, Inc. Common Stock",N
2021-01-15,26.209999084472656,26.604999542236328,26.584999084472656,26.604999542236328,26.604999542236328,1214.0,AIZN,"Assurant, Inc. 5.25% Subordinated Notes due 2061",N
2021-01-15,128.25999450683594,131.8000030517578,130.44000244140625,131.74000549316406,131.74000549316406,1525.0,AIZP,"Assurant, Inc. 6.50% Series D Mandatory Convertible Preferred Stock, $1.00 par value",N
2021-01-15,53.34000015258789,52.72999954223633,52.5,52.56499862670898,52.56499862670898,719781.0,AJRD,"Aerojet Rocketdyne Holdings, Inc. Common Stock",N
2021-01-15,115.80999755859376,116.49500274658205,115.25,116.08000183105467,116.08000183105467,335606.0,AJG,Arthur J. Gallagher & Co. Common Stock,N
2021-01-15,10.670000076293944,10.670000076293944,10.43000030517578,10.539999961853027,10.539999961853027,21925.0,AJX,Great Ajax Corp. Common Stock,N
2021-01-15,25.09000015258789,25.09000015258789,24.520000457763672,24.96999931335449,24.96999931335449,3706.0,AJXA,Great Ajax Corp. 7.25% Convertible Senior Notes due 2024,N
2021-01-15,44.9900016784668,45.040000915527344,43.61000061035156,44.119998931884766,44.119998931884766,225370.0,AL,Air Lease Corporation Class A Common Stock,N
2021-01-15,15.489999771118164,15.75,15.350000381469728,15.6899995803833,15.6899995803833,140469.0,AKR,Acadia Realty Trust Common Stock,N
2021-01-15,180.0,183.7100067138672,177.74099731445312,183.0449981689453,183.0449981689453,684000.0,ALB,Albemarle Corporation Common Stock,N
2021-01-15,70.37999725341797,70.58999633789062,69.63999938964844,69.79000091552734,69.79000091552734,411119.0,ALC,Alcon Inc. Ordinary Shares,N
2021-01-15,68.31999969482422,69.95999908447266,67.95999908447266,69.54000091552734,69.54000091552734,148202.0,ALE,"Allete, Inc.",N
2021-01-15,16.860000610351562,17.059999465942383,16.775999069213867,16.989999771118164,16.989999771118164,115694.0,ALEX,"Alexander & Baldwin, Inc. Common Stock REIT Holding Company",N
2021-01-15,82.4000015258789,82.0802993774414,80.93180084228516,80.93180084228516,80.93180084228516,941.0,ALFA,AlphaClone Alternative Alpha ETF,Y
2021-01-15,149.3300018310547,153.0,147.75999450683594,152.97999572753906,152.97999572753906,25472.0,ALG,"Alamo Group, Inc. Common Stock",N
2021-01-15,55.52999877929688,56.13999938964844,53.630001068115234,54.58509826660156,54.58509826660156,1053826.0,ALK,"Alaska Air Group, Inc. Common Stock",N
2021-01-15,108.6999969482422,109.16000366210938,108.0500030517578,109.16000366210938,109.16000366210938,566223.0,ALL,Allstate Corporation (The) Common Stock,N
2021-01-15,115.3000030517578,115.54499816894533,113.05999755859376,114.83999633789062,114.83999633789062,228036.0,ALLE,Allegion plc Ordinary Shares,N
2021-01-15,40.40999984741211,40.88999938964844,40.0,40.869998931884766,40.869998931884766,2107283.0,ALLY,Ally Financial Inc. Common Stock,N
2021-01-15,41.130001068115234,41.22999954223633,40.209999084472656,41.19499969482422,41.19499969482422,396521.0,ALSN,"Allison Transmission Holdings, Inc. Common Stock",N
2021-01-15,34.65999984741211,34.65999984741211,34.290000915527344,34.400001525878906,34.400001525878906,1843.0,ALTL,Pacer Lunt Large Cap Alternator ETF,Y
2021-01-15,10.0,10.020000457763672,9.85849952697754,10.020000457763672,10.020000457763672,12236.0,ALTG,Alta Equipment Group Inc. Class A Common Stock,N
2021-01-15,10.520000457763672,10.600000381469728,10.5,10.5,10.5,524915.0,ALUS,Alussa Energy Acquisition Corp. Class A Ordinary Shares,N
2021-01-14,37.43999862670898,37.50899887084961,37.43999862670898,37.494998931884766,37.494998931884766,3500.0,ALTS,ProShares Morningstar Alternatives Solution ETF,Y
2021-01-15,89.08999633789062,89.36000061035156,86.94000244140625,87.68000030517578,87.68000030517578,247814.0,ALV,"Autoliv, Inc. Common Stock",N
2021-01-15,268.9599914550781,270.07000732421875,267.45001220703125,270.07000732421875,270.07000732421875,3144.0,ALX,"Alexander's, Inc. Common Stock",N
2021-01-15,8.470000267028809,8.5600004196167,8.279999732971191,8.537400245666504,8.537400245666504,2237173.0,AM,Antero Midstream Corporation Common Stock,N
2021-01-15,15.90999984741211,16.139999389648438,15.670000076293944,15.994999885559082,15.994999885559082,79855.0,AMBC,"Ambac Financial Group, Inc. Common Stock",N
2021-01-15,2.5799999237060547,2.5299999713897705,2.380000114440918,2.470000028610229,2.470000028610229,157459.0,AMBO,"Ambow Education Holding Ltd. American Depository Shares, each representing two Class A ordinary shares",N
2021-01-15,2.200000047683716,2.4351999759674072,2.180000066757202,2.3350000381469727,2.3350000381469727,81774998.0,AMC,"AMC Entertainment Holdings, Inc. Class A Common Stock",N
2021-01-15,11.329999923706056,11.329999923706056,11.0649995803833,11.255000114440918,11.255000114440918,2183016.0,AMCR,Amcor plc Ordinary Shares,N
2021-01-15,119.72000122070312,119.72000122070312,116.9000015258789,118.23999786376952,118.23999786376952,396957.0,AME,"AMETEK, Inc.",N
2021-01-15,27.0,27.020000457763672,27.020000457763672,27.020000457763672,27.020000457763672,437.0,AMER,Emles Made in America ETF,Y
2021-01-15,108.77999877929688,110.52999877929688,108.05999755859376,109.97000122070312,109.97000122070312,99127.0,AMG,"Affiliated Managers Group, Inc. Common Stock",N
2021-01-15,29.51000022888184,29.950000762939453,29.44499969482422,29.809999465942383,29.809999465942383,320412.0,AMH,American Homes 4 Rent Common Shares of Beneficial Interest,N
2021-01-15,23.5,24.13500022888184,23.59000015258789,24.06999969482422,24.06999969482422,113543.0,AMK,"AssetMark Financial Holdings, Inc. Common Stock",N
2021-01-15,16.1200008392334,16.020000457763672,15.595000267028809,16.019800186157227,16.019800186157227,495283.0,AMJ,JPMorgan Chase Capital XVI JP Morgan Alerian MLP ETN,N
2021-01-15,29.690000534057617,29.690000534057617,28.799999237060547,29.6299991607666,29.6299991607666,2725938.0,AMLP,Alerian MLP ETF,Y
2021-01-14,28.25300025939941,28.25300025939941,28.25300025939941,28.25300025939941,28.25300025939941,0.0,AMNA,ETRACS Alerian Midstream Energy Index ETN,Y
2021-01-15,32.11000061035156,32.11000061035156,32.08000183105469,32.08000183105469,32.08000183105469,1591.0,AMOM,QRAFT AI-Enhanced U.S. Large Cap Momentum ETF,Y
2021-01-15,71.30999755859375,72.44000244140625,71.19000244140625,72.44000244140625,72.44000244140625,85374.0,AMN,AMN Healthcare Services Inc AMN Healthcare Services Inc,N
2021-01-14,30.21999931335449,30.21999931335449,30.15699958801269,30.15699958801269,30.15699958801269,2000.0,AMND,UBS AG ETRACS Alerian Midstream Energy High Dividend Index ETN,Y
2021-01-14,15.0,15.220000267028809,14.630000114440918,15.140000343322754,15.140000343322754,12300.0,AMOV,"America Movil, S.A.B. de C.V. Class A American Depositary Shares",N
2021-01-15,204.6300048828125,207.27999877929688,203.42999267578125,206.9100036621093,206.9100036621093,262132.0,AMP,"Ameriprise Financial, Inc. Common Stock",N
2021-01-15,1.3600000143051147,1.399999976158142,1.2899999618530271,1.3899999856948853,1.3899999856948853,2485233.0,AMPE,"Ampio Pharmaceuticals, Inc.",N
2021-01-15,2.3399999141693115,2.3299999237060547,1.9900000095367432,2.0999999046325684,2.0999999046325684,1378754.0,AMPY,Amplify Energy Corp. Common Stock,N
2021-01-15,57.20000076293945,57.38999938964844,52.84000015258789,53.48500061035156,53.48500061035156,355914.0,AMRC,"Ameresco, Inc. Class A Common Stock",N
2021-01-15,4.789999961853027,4.840000152587891,4.650000095367432,4.815000057220459,4.815000057220459,713451.0,AMRX,"Amneal Pharmaceuticals, Inc. Class A Common Stock",N
2021-01-15,2.319999933242798,2.380000114440918,2.299999952316284,2.309999942779541,2.309999942779541,31365.0,AMS,American Shared Hospital Services Common Stock,N
2021-01-15,214.9900054931641,219.1000061035156,214.22000122070312,218.6649932861328,218.6649932861328,1093489.0,AMT,American Tower Corporation (REIT) Common Stock,N
2021-01-14,32.16999816894531,32.58000183105469,32.16999816894531,32.46200180053711,32.46200180053711,29500.0,AMTR,ETRACS Alerian Midstream Energy Total Return Index ETN,N
2021-01-15,10.0600004196167,10.0600004196167,9.9399995803833,9.9399995803833,9.9399995803833,2050.0,AMUB,"ETRACS Alerian MLP Index ETN Series B due July 18, 2042",N
2021-01-15,30.21999931335449,31.59000015258789,29.440000534057617,30.11000061035156,30.11000061035156,8103844.0,AMWL,American Well Corporation Class A Common Stock,N
2021-01-15,14.260000228881836,14.53499984741211,14.260000228881836,14.390000343322754,14.390000343322754,1936981.0,AMX,"America Movil, S.A.B. de C.V. American Depository Receipt Series L",N
2021-01-15,22.81999969482422,22.854999542236328,21.959999084472656,22.600000381469727,22.600000381469727,72738.0,AMZA,InfraCap MLP ETF,Y
2021-01-15,73.37999725341797,74.77999877929688,72.51499938964844,73.56999969482422,73.56999969482422,319116.0,AN,"AutoNation, Inc. Common Stock",N
2021-01-15,313.5,315.0400085449219,309.7049865722656,314.5299987792969,314.5299987792969,229550.0,ANET,"Arista Networks, Inc. Common Stock",N
2021-01-15,43.209999084472656,43.27999877929688,42.78010177612305,43.08000183105469,43.08000183105469,4071.0,ANEW,ProShares MSCI Transformational Changes ETF,Y
2021-01-15,23.450000762939453,24.06999969482422,23.190000534057617,23.91699981689453,23.91699981689453,526780.0,ANF,Abercrombie & Fitch Company Common Stock,N
2021-01-15,2.5199999809265137,2.5299999713897705,2.5,2.5199999809265137,2.5199999809265137,277050.0,ANH,Anworth Mortgage Asset Corporation Common Stock,N
2021-01-15,322.5199890136719,326.95001220703125,319.4100036621094,324.6499938964844,324.6499938964844,670294.0,ANTM,"Anthem, Inc. Common Stock",N
2021-01-15,10.489999771118164,10.0,9.600000381469728,9.835000038146973,9.835000038146973,25616.0,ANVS,"Annovis Bio, Inc. Common Stock",N
2021-01-15,9.119999885559082,9.119999885559082,9.039999961853027,9.095000267028809,9.095000267028809,216037.0,AOD,Aberdeen Total Dynamic Dividend Fund Common Stock,N
2021-01-15,38.90999984741211,38.91999816894531,38.75,38.85089874267578,38.85089874267578,78126.0,AOK,iShares Core Conservative Allocation ETF,Y
2021-01-15,65.25,65.30000305175781,64.76000213623047,65.11000061035156,65.11000061035156,37214.0,AOA,iShares Core Aggressive Allocation ETF,Y
2021-01-15,206.32000732421875,208.88999938964844,205.82000732421875,207.5200042724609,207.5200042724609,751216.0,AON,Aon plc Class A Ordinary Shares (Ireland),N
2021-01-15,43.4900016784668,43.53990173339844,43.27999877929688,43.40769958496094,43.40769958496094,56943.0,AOM,iShares Core Moderate Allocation ETF,Y
2021-01-15,10.93000030517578,11.050000190734863,10.75,10.770000457763672,10.770000457763672,92800.0,AONE,one Class A Ordinary Shares,N
2021-01-15,52.869998931884766,52.84000015258789,52.5,52.72999954223633,52.72999954223633,65297.0,AOR,iShares Core Growth Allocation ETF,Y
2021-01-15,57.209999084472656,57.209999084472656,55.7599983215332,56.2599983215332,56.2599983215332,372336.0,AOS,A.O. Smith Corporation Common Stock,N
2021-01-15,284.7799987792969,286.5599975585937,281.67999267578125,284.52459716796875,284.52459716796875,551385.0,APD,"Air Products and Chemicals, Inc. Common Stock",N
2021-01-15,53.0,53.220001220703125,51.224700927734375,52.93999862670898,52.93999862670898,267665.0,APAM,Artisan Partners Asset Management Inc. Class A Common Stock,N
2021-01-15,7.110000133514404,7.090000152587891,6.710100173950195,6.829999923706055,6.829999923706055,49139.0,AP,Ampco-Pittsburgh Corporation Common Stock,N
2021-01-15,17.239999771118164,17.56999969482422,17.219999313354492,17.459999084472656,17.459999084472656,334665.0,APG,APi Group Corporation Common Stock,N
2021-01-15,133.16000366210938,133.57000732421875,130.97999572753906,131.68499755859375,131.68499755859375,439537.0,APH,Amphenol Corporation Common Stock,N
2021-01-15,12.850000381469728,12.850000381469728,12.519800186157228,12.824999809265137,12.824999809265137,753624.0,APLE,"Apple Hospitality REIT, Inc. Common Shares",N
2021-01-15,7.269999980926514,7.414999961853027,7.099999904632568,7.170000076293945,7.170000076293945,172792.0,APRN,"Blue Apron Holdings, Inc. Class A Common Stock",N
2021-01-15,47.70000076293945,47.75249862670898,47.01499938964844,47.38999938964844,47.38999938964844,194563.0,APO,"Apollo Global Management, Inc. Class A Common Stock",N
2021-01-15,10.649999618530272,10.729999542236328,10.609999656677246,10.635000228881836,10.635000228881836,563036.0,APSG,Apollo Strategic Growth Capital Class A Ordinary Shares,N
2021-01-15,13.239999771118164,13.20009994506836,12.290399551391602,12.489999771118164,12.489999771118164,646418.0,APT,"Alpha Pro Tech, Ltd. Common Stock",N
2021-01-15,7.699999809265137,7.840000152587891,7.519999980926514,7.800000190734863,7.800000190734863,251462.0,APTS,"Preferred Apartment Communities, Inc. Common Stock",N
2021-01-15,143.25,143.8699951171875,137.52999877929688,140.97000122070312,140.97000122070312,941112.0,APTV,Aptiv PLC Ordinary Shares,N
2021-01-15,16.809999465942383,16.934999465942383,16.710500717163086,16.924999237060547,16.924999237060547,232220.0,AQN,Algonquin Power & Utilities Corp. Common Shares,N
2021-01-15,28.01000022888184,28.190000534057617,28.13999938964844,28.190000534057617,28.190000534057617,1922.0,AQNA,"Algonquin Power & Utilities Corp. 6.875% Fixed-to-Floating Rate Subordinated Notes Series 2018-A due October 17, 2078",N
2021-01-15,27.350000381469727,27.63999938964844,27.350000381469727,27.63999938964844,27.63999938964844,2715.0,AQNB,"Algonquin Power & Utilities Corp. 6.20% Fixed-to-Floating Subordinated Notes Series 2019-A due July 1, 2079",N
2021-01-15,7.199999809265137,7.429999828338623,7.079999923706055,7.284999847412109,7.284999847412109,3266562.0,AR,Antero Resources Corporation Common Stock,N
2021-01-15,29.799999237060547,30.06999969482422,29.25,29.8799991607666,29.8799991607666,515775.0,AQUA,Evoqua Water Technologies Corp. Common Stock,N
2021-01-15,11.470000267028809,11.479999542236328,11.460000038146973,11.460000038146973,11.460000038146973,81116.0,ARA,"American Renal Associates Holdings, Inc Common Stock",N
2021-01-15,25.26000022888184,25.26000022888184,25.18000030517578,25.21500015258789,25.21500015258789,2085.0,ARB,AltShares Merger Arbitrage ETF,Y
2021-01-15,2.0199999809265137,2.0999999046325684,2.0,2.099900007247925,2.099900007247925,197572.0,ARC,"ARC Document Solutions, Inc. Common Stock",N
2021-01-15,50.59000015258789,51.709999084472656,49.18000030517578,50.040000915527344,50.040000915527344,134060.0,ARCH,"Arch Resources, Inc. Class A Common Stock",N
2021-01-14,100.09500122070312,100.09500122070312,100.09500122070312,100.09500122070312,100.09500122070312,100.0,ARCM,Arrow Reserve Capital Management ETF,Y
2021-01-15,5.260000228881836,5.429999828338623,5.21999979019165,5.364999771118164,5.364999771118164,526341.0,ARCO,Arcos Dorados Holdings Inc. Class A Shares,N
2021-01-15,17.860000610351562,18.0,17.799999237060547,17.97100067138672,17.97100067138672,47798.0,ARD,Ardagh Group S.A. Common Shares,N
2021-01-15,167.33999633789062,167.98500061035156,165.57000732421875,166.60000610351562,166.60000610351562,327107.0,ARE,"Alexandria Real Estate Equities, Inc. Common Stock",N
2021-01-15,45.45000076293945,45.665000915527344,44.619998931884766,44.93000030517578,44.93000030517578,143382.0,ARES,Ares Management Corporation Class A Common Stock,N
2021-01-15,14.529999732971191,14.542099952697754,14.488499641418455,14.495800018310549,14.495800018310549,30451.0,ARDC,"Ares Dynamic Credit Allocation Fund, Inc. Common Shares",N
2021-01-14,25.780000686645508,25.809999465942383,25.690000534057617,25.739999771118164,25.739999771118164,5700.0,ARGD,"Argo Group International Holdings, Ltd. 6.5% Senior Notes Due 2042",N
2021-01-15,30.520000457763672,30.770000457763672,30.459999084472656,30.51499938964844,30.51499938964844,3431.0,ARGT,Global X MSCI Argentina ETF,Y
2021-01-15,11.670000076293944,11.670000076293944,11.45199966430664,11.550000190734863,11.550000190734863,428919.0,ARI,"Apollo Commercial Real Estate Finance, Inc",N
2021-01-15,45.560001373291016,46.400001525878906,45.48500061035156,46.220001220703125,46.220001220703125,91043.0,ARGO,"Argo Group International Holdings, Ltd.",N
2021-01-15,52.58000183105469,52.59999847412109,51.391998291015625,51.84999847412109,51.84999847412109,1280424.0,ARKF,ARK Fintech Innovation ETF,Y
2021-01-15,110.75,112.41000366210938,107.36000061035156,109.3000030517578,109.3000030517578,6502364.0,ARKG,ARK Genomic Revolution ETF,Y
2021-01-15,146.8699951171875,148.00999450683594,142.0,143.89329528808594,143.89329528808594,6161128.0,ARKK,ARK Innovation ETF,Y
2021-01-15,88.69000244140625,88.68599700927734,85.2300033569336,86.41899871826172,86.41899871826172,1334559.0,ARKQ,ARK Autonomous Technology & Robotics ETF,Y
2021-01-15,160.52000427246094,160.9447021484375,156.24000549316406,157.77000427246094,157.77000427246094,851165.0,ARKW,ARK Next Generation Internet ETF,Y
2021-01-15,9.949999809265137,9.949999809265137,9.84000015258789,9.869999885559082,9.869999885559082,1516.0,ARL,"American Realty Investors, Inc. Common Stock",N
2021-01-15,8.420000076293945,8.449999809265137,8.0,8.149999618530273,8.149999618530273,497954.0,ARLO,"Arlo Technologies, Inc. Common Stock",N
2021-01-15,36.52999877929688,36.61000061035156,35.9900016784668,36.61000061035156,36.61000061035156,394996.0,ARMK,Aramark Common Stock,N
2021-01-15,3.464600086212158,3.4600000381469727,3.359999895095825,3.359999895095825,3.359999895095825,2832.0,ARMP,"Armata Pharmaceuticals, Inc. Common Stock",N
2021-01-14,22.15399932861328,22.22599983215332,22.09199905395508,22.09199905395508,22.09199905395508,2500.0,ARMR,Exchange Listed Funds Trust Armor US Equity Index ETF,Y
2021-01-15,9.970000267028809,10.0,9.420000076293944,9.710000038146973,9.710000038146973,405832.0,AROC,"Archrock, Inc. Common Stock",N
2021-01-15,29.450000762939453,30.045000076293945,29.01000022888184,29.86000061035156,29.86000061035156,265769.0,ARNC,Arconic Corporation Common Stock ,N
2021-01-15,11.020000457763672,11.020000457763672,10.920000076293944,11.0,11.0,372836.0,ARR,"ARMOUR Residential REIT, Inc.",N
2021-01-15,37.08000183105469,39.69649887084961,36.9900016784668,38.8650016784668,38.8650016784668,1140834.0,ASAN,"Asana, Inc. Class A Common Stock",N
2021-01-15,21.5,21.600000381469727,21.109899520874023,21.18000030517578,21.18000030517578,70434.0,ASA,ASA  Gold and Precious Metals Limited,N
2021-01-15,103.2699966430664,104.1500015258789,102.91000366210938,103.93499755859376,103.93499755859376,84506.0,ARW,"Arrow Electronics, Inc. Common Stock",N
2021-01-15,10.329999923706056,10.350000381469728,10.220000267028809,10.234999656677246,10.234999656677246,33735.0,ASAQ,Atlantic Street Acquisition Corp Class A Common Stock,N
2021-01-15,19.920000076293945,20.25,19.770000457763672,20.09000015258789,20.09000015258789,378716.0,ASB,Associated Banc-Corp Common Stock,N
2021-01-15,3.890000104904175,3.839999914169312,3.609999895095825,3.684999942779541,3.684999942779541,122242.0,ASC,Ardmore Shipping Corporation Common Stock,N
2021-01-15,8.819999694824219,8.939900398254395,8.760000228881836,8.789999961853027,8.789999961853027,54078.0,ASG,"Liberty All-Star Growth Fund, Inc.",N
2021-01-15,89.55999755859375,90.1999969482422,86.93000030517578,87.19999694824219,87.19999694824219,66281.0,ASGN,ASGN Incorporated Common Stock,N
2021-01-15,19.940000534057617,19.98579978942871,19.76499938964844,19.850000381469727,19.850000381469727,11197.0,ASGI,Aberdeen Standard Global Infrastructure Income Fund Common Shares of Beneficial Interest,N
2021-01-15,85.58999633789062,86.06500244140625,83.87000274658203,84.5199966430664,84.5199966430664,114604.0,ASH,Ashland Global Holdings Inc. Common Stock,N
2021-01-15,15.09000015258789,15.15999984741211,14.901000022888184,14.955499649047852,14.955499649047852,16973.0,ASEA,Global X FTSE Southeast Asia ETF,Y
2021-01-15,42.13999938964844,42.255001068115234,42.06499862670898,42.1801986694336,42.1801986694336,1430769.0,ASHR,Xtrackers Harvest CSI 300 China A-Shares ETF,Y
2021-01-15,36.02000045776367,35.84000015258789,35.70000076293945,35.720001220703125,35.720001220703125,8954.0,ASHS,Xtrackers Harvest CSI 500 China A-Shares Small Cap ETF,Y
2021-01-15,22.36000061035156,22.65999984741211,21.88999938964844,22.07999992370605,22.07999992370605,41402.0,ASIX,AdvanSix Inc. Common Stock ,N
2021-01-15,1.25,1.241000056266785,1.159999966621399,1.1799999475479126,1.1799999475479126,1192578.0,ASM,Avino Silver & Gold Mines Ltd. Common Shares (Canada),N
2021-01-15,10.449999809265137,10.350000381469728,10.210000038146973,10.229999542236328,10.229999542236328,135849.0,ASPL,Aspirational Consumer Lifestyle Corp. Class A Ordinary Shares,N
2021-01-15,30.8700008392334,30.8700008392334,30.8700008392334,30.8700008392334,30.8700008392334,115.0,ASHX,Xtrackers MSCI China A Inclusion Equity ETF,Y
2021-01-15,19.57999992370605,20.111299514770508,19.09000015258789,19.850000381469727,19.850000381469727,61126.0,ASPN,"Aspen Aerogels, Inc. Common Stock",N
2021-01-15,167.7899932861328,167.7899932861328,165.1300048828125,166.67999267578125,166.67999267578125,14894.0,ASR,"Grupo Aeroportuario del Sureste, S.A. de C.V. Common Stock",N
2021-01-15,7.239999771118164,7.21999979019165,6.960000038146973,7.09499979019165,7.09499979019165,2278408.0,ASX,"ASE Technology Holding Co., Ltd. American Depositary Shares (each representing Two Common Shares) ",N
2021-01-15,2.9600000381469727,3.0,2.900000095367432,2.934999942779541,2.934999942779541,10064034.0,AT,Atlantic Power Corporation Ordinary Shares (Canada),N
2021-01-15,10.970000267028809,11.010000228881836,10.800000190734863,10.850000381469728,10.850000381469728,260613.0,ATAC,Altimar Acquisition Corporation Class A Ordinary Shares,N
2021-01-15,11.449999809265137,11.517000198364258,11.119999885559082,11.170000076293944,11.170000076293944,191765.0,ATCO,Atlas Corp. Common Shares,N
2021-01-15,9.09000015258789,9.556599617004396,9.050000190734863,9.494999885559082,9.494999885559082,566608.0,ATEN,"A10 Networks, Inc. Common Stock",N
2021-01-15,37.650001525878906,38.33000183105469,36.65999984741211,37.20500183105469,37.20500183105469,240237.0,ATGE,Adtalem Global Education Inc. Common Stock,N
2021-01-15,44.7400016784668,44.93000030517578,43.95000076293945,44.66999816894531,44.66999816894531,372181.0,ATH,Athene Holding Ltd. Class A Common Shares,N
2021-01-15,97.52999877929688,101.62999725341795,97.50499725341795,101.58499908447266,101.58499908447266,350668.0,ATHM,"Autohome Inc. American Depositary Shares, each representing one class A ordinary share.",N
2021-01-15,18.21999931335449,18.53499984741211,18.06730079650879,18.38999938964844,18.38999938964844,585624.0,ATI,Allegheny Technologies Incorporated Common Stock,N
2021-01-15,47.93999862670898,48.560001373291016,46.47999954223633,48.060001373291016,48.060001373291016,187898.0,ATKR,Atkore International Group Inc. Common Stock,N
2021-01-15,13.460000038146973,13.479999542236328,13.3100004196167,13.390000343322754,13.390000343322754,30906.0,ATMP,iPath Select MLP ETN,N
2021-01-15,8.489999771118164,8.579999923706055,8.270000457763672,8.470000267028809,8.470000267028809,210002.0,ATNM,"Actinium Pharmaceuticals, Inc. (Delaware) Common Stock",N
2021-01-15,87.66999816894531,89.86000061035156,87.27010345458984,89.29000091552734,89.29000091552734,290424.0,ATO,Atmos Energy Corporation Common Stock,N
2021-01-15,16.5,16.6200008392334,16.0,16.579999923706055,16.579999923706055,39740.0,ATTO,Atento S.A. Ordinary Shares,N
2021-01-15,139.0399932861328,141.3300018310547,138.3699951171875,140.13999938964844,140.13999938964844,81171.0,ATR,"AptarGroup, Inc. Common Stock",N
2021-01-15,34.34000015258789,34.96500015258789,34.32500076293945,34.90999984741211,34.90999984741211,1166888.0,ATUS,"Altice USA, Inc. Class A Common Stock",N
2021-01-15,20.68000030517578,20.68000030517578,20.68000030517578,20.68000030517578,20.68000030517578,240.0,ATV,"Acorn International, Inc. ADS",N
2021-01-15,22.8799991607666,22.979999542236328,22.46999931335449,22.63999938964844,22.63999938964844,941544.0,AU,AngloGold Ashanti Limited Common Stock,N
2021-01-14,28.15999984741211,28.15999984741211,28.04199981689453,28.04199981689453,28.04199981689453,1300.0,AUGZ,TrueShares Structured Outcome (August) ETF,Y
2021-01-15,0.7197999954223633,0.7196000218391418,0.6337000131607056,0.6517000198364258,0.6517000198364258,2338464.0,AUMN,Golden Minerals Company Common Stock,N
2021-01-14,26.6299991607666,26.86000061035156,26.6299991607666,26.75,26.75,11300.0,AUSF,Global X Funds Global X Adaptive U.S. Factor ETF,Y
2021-01-15,5.28000020980835,5.300000190734863,5.139999866485596,5.164999961853027,5.164999961853027,6781806.0,AUY,Yamana Gold Inc. Ordinary Shares (Canada),N
2021-01-15,40.0,40.209999084472656,39.720001220703125,40.11000061035156,40.11000061035156,80101.0,AVA,Avista Corporation Common Stock,N
2021-01-15,6.730000019073486,6.724999904632568,6.639999866485596,6.724999904632568,6.724999904632568,19675.0,AVAL,Grupo Aval Acciones y Valores S.A. ADR (Each representing 20 preferred shares),N
2021-01-15,10.619999885559082,10.65999984741211,10.350000381469728,10.59000015258789,10.59000015258789,635483.0,AVAN,Avanti Acquisition Corp. Class A Ordinary Shares,N
2021-01-15,160.1300048828125,163.8699951171875,159.8699951171875,163.24000549316406,163.24000549316406,395405.0,AVB,"AvalonBay Communities, Inc. Common Stock",N
2021-01-15,17.25,17.6200008392334,17.3700008392334,17.530000686645508,17.530000686645508,46748.0,AVD,American Vanguard Corporation Common Stock ($0.10 Par Value),N
2021-01-15,58.59000015258789,58.36000061035156,58.12770080566406,58.26499938964844,58.26499938964844,13544.0,AVDE,Avantis International Equity ETF,Y
2021-01-15,58.7599983215332,58.58160018920898,57.25,58.45000076293945,58.45000076293945,31015.0,AVDV,Avantis International Small Cap Value ETF,Y
2021-01-15,65.04000091552734,65.05000305175781,64.48999786376953,64.83000183105469,64.83000183105469,24985.0,AVEM,Avantis Emerging Markets Equity ETF,Y
2021-01-15,50.02999877929688,50.02999877929688,50.02999877929688,50.02999877929688,50.02999877929688,1512.0,AVIG,Avantis Core Fixed Income ETF,Y
2021-01-15,16.760000228881836,16.860000610351562,16.56999969482422,16.685100555419922,16.685100555419922,39819.0,AVK,Advent Convertible and Income Fund,N
2021-01-15,160.7100067138672,163.27999877929688,157.5800018310547,158.78750610351562,158.78750610351562,293352.0,AVLR,"Avalara, Inc. Common Stock",N
2021-01-15,50.16999816894531,50.18000030517578,50.16999816894531,50.16999816894531,50.16999816894531,4222.0,AVMU,Avantis Core Municipal Fixed Income ETF,Y
2021-01-15,48.02999877929688,48.02000045776367,47.040000915527344,47.08000183105469,47.08000183105469,59631.0,AVNS,"Avanos Medical, Inc. Common Stock",N
2021-01-15,43.52000045776367,43.76499938964844,42.60150146484375,43.380001068115234,43.380001068115234,164716.0,AVNT,Avient Corporation Common Stock,N
2021-01-15,50.16960144042969,50.16999816894531,50.16960144042969,50.16999816894531,50.16999816894531,508.0,AVSF,Avantis Short-Term Fixed Income ETF,Y
2021-01-15,28.700000762939453,28.739999771118164,27.940000534057617,28.23500061035156,28.23500061035156,1899093.0,AVTR,"Avantor, Inc. Common Stock",N
2021-01-15,65.47000122070312,65.00499725341797,64.83000183105469,65.00499725341797,65.00499725341797,13386.0,AVUS,Avantis U.S. Equity ETF,Y
2021-01-15,63.33000183105469,63.33000183105469,61.921199798583984,62.380001068115234,62.380001068115234,31962.0,AVUV,Avantis U.S. Small Cap Value ETF,Y
2021-01-15,160.9499969482422,161.47000122070312,158.52000427246094,160.69000244140625,160.69000244140625,137691.0,AVY,Avery Dennison Corporation Common Stock,N
2021-01-15,20.86000061035156,21.59000015258789,20.93000030517578,21.209999084472656,21.209999084472656,236335.0,AVYA,Avaya Holdings Corp. Common Stock,N
2021-01-15,26.38999938964844,26.420000076293945,26.0,26.114999771118164,26.114999771118164,83511.0,AWAY,ETFMG Travel Tech ETF,Y
2021-01-15,11.65999984741211,11.65999984741211,11.59000015258789,11.595000267028809,11.595000267028809,124918.0,AWF,Alliancebernstein Global High Income Fund,N
2021-01-15,83.6500015258789,84.70999908447266,82.23999786376953,82.77999877929688,82.77999877929688,203896.0,AWI,Armstrong World Industries Inc Common Stock,N
2021-01-15,157.55999755859375,159.52999877929688,157.0,159.0500030517578,159.0500030517578,312448.0,AWK,"American Water Works Company, Inc. Common Stock",N
2021-01-15,5.329999923706055,5.339900016784668,5.309999942779541,5.320000171661377,5.320000171661377,173935.0,AWP,Aberdeen Global Premier Properties Fund Common Shares of Beneficial Interest,N
2021-01-15,80.12000274658203,81.47000122070312,80.22000122070312,80.67250061035156,80.67250061035156,43272.0,AWR,American States Water Company Common Stock,N
2021-01-15,49.95500183105469,49.95500183105469,49.95500183105469,49.95500183105469,49.95500183105469,1062.0,AWTM,Aware Ultra-Short Duration Enhanced Income ETF,Y
2021-01-15,3.4200000762939453,3.280100107192993,2.9291999340057373,2.95989990234375,2.95989990234375,70091.0,AWX,Avalon Holdings Corporation Common Stock,N
2021-01-15,41.54999923706055,42.08000183105469,41.18000030517578,41.79999923706055,41.79999923706055,75338.0,AX,"Axos Financial, Inc. Common Stock",N
2021-01-15,8.880000114440918,9.074999809265137,8.768199920654297,8.829999923706055,8.829999923706055,1025265.0,AXL,"American Axle & Manufacturing Holdings, Inc. Common Stock",N
2021-01-15,122.4800033569336,122.86000061035156,121.70999908447266,122.48059844970705,122.48059844970705,1979514.0,AXP,American Express Company Common Stock,N
2021-01-15,8.039999961853027,8.079999923706055,8.050000190734863,8.050000190734863,8.050000190734863,2303.0,AXR,AMREP Corporation Common Stock,N
2021-01-15,51.15999984741211,51.619998931884766,50.93999862670898,51.18000030517578,51.18000030517578,163485.0,AXS,Axis Capital Holdings Limited Common Stock,N
2021-01-15,25.520000457763672,25.549999237060547,25.520000457763672,25.549999237060547,25.549999237060547,340.0,AXO,"Axos Financial, Inc. 6.25% Subordinated Notes Due 2026",N
2021-01-15,29.43000030517578,29.530000686645508,28.850000381469727,29.15999984741211,29.15999984741211,956987.0,AXTA,Axalta Coating Systems Ltd. Common Shares,N
2021-01-15,2.7100000381469727,2.759999990463257,2.559999942779541,2.6449999809265137,2.6449999809265137,1023665.0,AXU,Alexco Resource Corp Common Shares (Canada),N
2021-01-15,123.3000030517578,125.70999908447266,119.6500015258789,121.77999877929688,121.77999877929688,634361.0,AYX,"Alteryx, Inc. Class A Common Stock",N
2021-01-15,116.86000061035156,118.83000183105467,115.99500274658205,117.27999877929688,117.27999877929688,293266.0,AYI,"Acuity Brands, Inc. ",N
2021-01-14,26.270000457763672,26.270000457763672,26.270000457763672,26.270000457763672,26.270000457763672,100.0,AZAA,AllianzIM U.S. Large Cap Buffer10 Apr ETF,Y
2021-01-15,26.75,26.75,26.75,26.75,26.75,210.0,AZAL,AllianzIM U.S. Large Cap Buffer10 Jul ETF,Y
2021-01-14,25.68000030517578,25.690000534057617,25.645000457763672,25.645000457763672,25.645000457763672,1000.0,AZBA,AllianzIM U.S. Large Cap Buffer20 Apr ETF,Y
2021-01-15,26.8799991607666,26.8799991607666,26.809999465942383,26.809999465942383,26.809999465942383,1780.0,AZAO,AllianzIM U.S. Large Cap Buffer10 Oct ETF,Y
2021-01-14,26.07999992370605,26.07999992370605,26.01000022888184,26.01000022888184,26.01000022888184,1000.0,AZBL,AllianzIM U.S. Large Cap Buffer20 Jul ETF,Y
2021-01-14,26.0310001373291,26.11000061035156,26.0310001373291,26.04199981689453,26.04199981689453,1500.0,AZBO,AllianzIM U.S. Large Cap Buffer20 Oct ETF,Y
2021-01-15,41.060001373291016,41.41640090942383,40.22269821166992,41.41640090942383,41.41640090942383,234699.0,AZEK,The AZEK Company Inc. Class A Common Stock,N
2021-01-15,1242.969970703125,1248.8900146484375,1239.2099609375,1244.9599609375,1244.9599609375,79323.0,AZO,"AutoZone, Inc. Common Stock",N
2021-01-15,48.790000915527344,49.34999847412109,45.68000030517578,46.540000915527344,46.540000915527344,111205.0,AZRE,Azure Power Global Limited Equity Shares,N
2021-01-15,21.559999465942383,21.670000076293945,21.1299991607666,21.434999465942383,21.434999465942383,710342.0,AZUL,Azul S.A. American Depositary Shares (each representing three preferred shares),N
2021-01-15,47.79999923706055,47.84999847412109,46.54999923706055,47.20000076293945,47.20000076293945,39476.0,AZZ,AZZ Inc.,N
2021-01-15,54.220001220703125,54.40999984741211,52.94499969482422,53.23500061035156,53.23500061035156,57102.0,B,"Barnes Group, Inc. Common Stock",N
2021-01-15,208.9600067138672,209.17999267578125,205.0500030517578,206.82000732421875,206.82000732421875,6878133.0,BA,Boeing Company (The) Common Stock,N
2021-01-15,33.439998626708984,33.46989822387695,33.36000061035156,33.46989822387695,33.46989822387695,166390.0,BAB,Invesco Taxable Municipal Bond ETF,Y
2021-01-15,246.25,246.9900054931641,242.6793975830078,244.38999938964844,244.38999938964844,13176098.0,BABA,Alibaba Group Holding Limited American Depositary Shares each representing eight Ordinary share,N
2021-01-15,15.789999961853027,15.5,15.289999961853027,15.289999961853027,15.289999961853027,8288.0,BAF,BlackRock Municipal Income Investment Quality Trust,N
2021-01-15,33.290000915527344,33.630001068115234,32.70000076293945,33.071998596191406,33.071998596191406,33376435.0,BAC,Bank of America Corporation Common Stock,N
2021-01-15,91.45999908447266,91.80999755859376,90.8000030517578,91.47000122070312,91.47000122070312,209839.0,BAH,Booz Allen Hamilton Holding Corporation Common Stock,N
2021-01-15,46.95000076293945,46.95000076293945,46.5,46.5,46.5,844.0,BAL,iPathA Series B Bloomberg Cotton Subindex Total Return ETN,N
2021-01-15,50.5,51.584999084472656,49.72499847412109,51.584999084472656,51.584999084472656,96033.0,BALY,Bally's Corporation Common Stock,N
2021-01-15,9.5,9.673299789428713,9.406000137329102,9.609999656677246,9.609999656677246,99001.0,BAK,Braskem SA ADR,N
2021-01-15,38.36000061035156,38.6708984375,37.91999816894531,38.65999984741211,38.65999984741211,1236915.0,BAM,Brookfield Asset Management Inc. Common Stock,N
2021-01-15,24.850000381469727,24.89999961853028,24.799999237060547,24.835899353027344,24.835899353027344,25564.0,BAMH,"Brookfield Finance Inc. 4.625% Subordinated Notes due October 16, 2080",N
2021-01-15,24.89999961853028,25.0,24.940000534057617,24.98500061035156,24.98500061035156,12992.0,BAMI,Brookfield Finance Inc. 4.50% Perpetual Subordinated Notes,N
2021-01-15,157.0500030517578,157.8448028564453,153.1999969482422,155.86000061035156,155.86000061035156,162040.0,BAP,Credicorp Ltd. Common Stock,N
2021-01-15,17.31999969482422,17.700000762939453,17.309999465942383,17.479999542236328,17.479999542236328,72917.0,BANC,"Banc of California, Inc. Common Stock",N
2021-01-15,29.790000915527344,29.790000915527344,29.700000762939453,29.7450008392334,29.7450008392334,6805.0,BAPR,Innovator S&P 500 Buffer ETF - April ,Y
2021-01-15,18.32999992370605,18.334999084472656,18.125,18.20499992370605,18.20499992370605,395220.0,BAR,GraniteShares Gold Trust Shares of Beneficial Interest,N
2021-01-15,8.649999618530273,8.649999618530273,8.080100059509277,8.080100059509277,8.080100059509277,364.0,BATL,Battalion Oil Corporation Common Stock,N
2021-01-15,17.979999542236328,18.0,17.530000686645508,17.649999618530273,17.649999618530273,172098.0,BATT,Amplify Lithium & Battery Technology ETF,Y
2021-01-14,30.040000915527344,30.040000915527344,29.920000076293945,29.933000564575195,29.933000564575195,8400.0,BAUG,Innovator S&P 500 Buffer ETF - August,Y
2021-01-15,80.05000305175781,80.25,79.24410247802734,79.8949966430664,79.8949966430664,716489.0,BAX,Baxter International Inc. Common Stock,N
2021-01-15,10.68000030517578,11.550000190734863,10.1899995803833,10.329500198364258,10.329500198364258,106568938.0,BB,BlackBerry Limited Common Stock,N
2021-01-15,3.0299999713897705,3.049999952316284,2.95989990234375,2.9800000190734863,2.9800000190734863,125148.0,BBAR,Banco BBVA Argentina S.A. ADS,N
2021-01-15,27.940000534057617,28.049400329589844,27.790000915527344,27.959999084472656,27.959999084472656,53218.0,BBAX,JPMorgan BetaBuilders Developed Asia-ex Japan ETF ,Y
2021-01-15,54.20000076293945,54.369998931884766,53.4900016784668,54.25,54.25,3808.0,BBC,Virtus LifeSci Biotech Clinical Trials ETF,Y
2021-01-15,27.76000022888184,27.780000686645508,27.479999542236328,27.75,27.75,93056.0,BBCA,JPMorgan BetaBuilders Canada ETF ,Y
2021-01-15,5.139999866485596,5.190000057220459,5.059999942779541,5.150000095367432,5.150000095367432,19327696.0,BBD,Banco Bradesco Sa American Depositary Shares,N
2021-01-15,9.149999618530272,9.149999618530272,9.079999923706056,9.140000343322754,9.140000343322754,68163.0,BBDC,"Barings BDC, Inc. Common Stock",N
2021-01-15,4.650000095367432,4.519999980926514,4.410099983215332,4.465000152587891,4.465000152587891,13362.0,BBDO,Banco Bradesco Sa American Depositary Shares (each representing one Common Share),N
2021-01-15,26.700000762939453,26.770000457763672,26.46999931335449,26.68000030517578,26.68000030517578,82582.0,BBEU,JPMorgan BetaBuilders Europe ETF ,Y
2021-01-15,56.5,56.54999923706055,56.16999816894531,56.39400100708008,56.39400100708008,15308.0,BBIN,JPMorgan BetaBuilders International Equity ETF,Y
2021-01-15,13.380000114440918,13.380000114440918,13.300000190734863,13.350000381469728,13.350000381469728,26723.0,BBF,BlackRock Municipal Income Investment Trust,N
2021-01-15,28.440000534057617,28.51499938964844,28.270000457763672,28.46999931335449,28.46999931335449,159596.0,BBJP,JPMorgan BetaBuilders Japan ETF ,Y
2021-01-15,16.1200008392334,16.149999618530273,16.059999465942383,16.059999465942383,16.059999465942383,3838.0,BBK,Blackrock Municipal Bond Trust,N
2021-01-15,83.06999969482422,83.06999969482422,82.37999725341797,82.95999908447266,82.95999908447266,1919.0,BBMC,JPMorgan BetaBuilders U.S. Mid Cap Equity ETF,Y
2021-01-15,58.470001220703125,58.68000030517578,57.25,57.83000183105469,57.83000183105469,779332.0,BBL,BHP Group PlcSponsored ADR,N
2021-01-15,25.26000022888184,25.559999465942383,25.250600814819336,25.559999465942383,25.559999465942383,137217.0,BBN,BlackRock Taxable Municipal Bond Trust Common Shares of Beneficial Interest,N
2021-01-15,56.54999923706055,56.54999923706055,56.54019927978516,56.54019927978516,56.54019927978516,500.0,BBP,Virtus LifeSci Biotech Products ETF,Y
2021-01-15,78.08000183105469,78.6500015258789,77.75,78.61000061035156,78.61000061035156,14709.0,BBRE,JPMorgan BetaBuilders MSCI U.S. REIT ETF ,Y
2021-01-15,26.07999992370605,26.07999992370605,26.06999969482422,26.06999969482422,26.06999969482422,1768.0,BBSA,JPMorgan BetaBuilders 1-5 Year U.S. Aggregate Bond ETF ,Y
2021-01-14,61.709999084472656,62.6349983215332,61.709999084472656,62.6349983215332,62.6349983215332,200.0,BBSC,JPMorgan BetaBuilders U.S. Small Cap Equity ETF,Y
2021-01-15,38.470001220703125,38.025001525878906,37.70000076293945,37.93999862670898,37.93999862670898,10550.0,BBU,Brookfield Business Partners L.P. Limited Partnership Units ,N
2021-01-15,69.45999908447266,69.55000305175781,69.06500244140625,69.36000061035156,69.36000061035156,27808.0,BBUS,JPMorgan BetaBuilders U.S. Equity ETF,Y
2021-01-15,5.0,5.025000095367432,4.860000133514404,4.96999979019165,4.96999979019165,1889452.0,BBVA,Banco Bilbao Vizcaya Argentaria S.A. Common Stock,N
2021-01-15,4.510000228881836,4.550000190734863,4.400000095367432,4.46999979019165,4.46999979019165,41090.0,BBW,"Build-A-Bear Workshop, Inc. Common Stock",N
2021-01-15,113.63999938964844,114.33999633789062,111.58999633789062,114.13939666748048,114.13939666748048,1072510.0,BBY,"Best Buy Co., Inc. Common Stock",N
2021-01-15,88.0999984741211,88.23999786376953,86.19999694824219,88.13999938964844,88.13999938964844,260624.0,BC,Brunswick Corporation Common Stock,N
2021-01-15,22.049999237060547,22.049999237060547,21.059999465942383,21.56489944458008,21.56489944458008,84747.0,BCAT,BlackRock Capital Allocation Trust Common Shares of Beneficial Interest,N
2021-01-15,26.170000076293945,26.09000015258789,25.959999084472656,26.049999237060547,26.049999237060547,9907.0,BCD,Aberdeen Standard Bloomberg All Commodity Longer Dated Strategy K-1 Free ETF,Y
2021-01-15,49.33000183105469,49.27000045776367,48.0,48.869998931884766,48.869998931884766,122792.0,BCC,"Boise Cascade, L.L.C. Common Stock",N
2021-01-15,43.5,43.7593002319336,43.31999969482422,43.69919967651367,43.69919967651367,454892.0,BCE,"BCE, Inc. Common Stock",N
2021-01-15,22.3799991607666,22.739999771118164,21.33009910583496,22.520000457763672,22.520000457763672,112558.0,BCEI,"Bonanza Creek Energy, Inc. Common Stock",N
2021-01-15,21.8700008392334,22.32999992370605,21.68000030517578,21.709999084472656,21.709999084472656,68266.0,BCH,Banco De Chile Banco De Chile ADS,N
2021-01-15,22.63999938964844,22.6299991607666,22.354999542236328,22.440099716186523,22.440099716186523,80574.0,BCI,Aberdeen Standard Bloomberg All Commodity Strategy K-1 Free ETF,Y
2021-01-15,31.030000686645508,30.76000022888184,30.69499969482422,30.71500015258789,30.71500015258789,5057.0,BCM,iPath Pure Beta Broad Commodity ETN,N
2021-01-15,73.48999786376953,73.97000122070312,71.19999694824219,72.80000305175781,72.80000305175781,147265.0,BCO,Brinks Company (The) Common Stock,N
2021-01-15,8.15999984741211,8.170000076293945,7.949999809265137,8.080599784851074,8.080599784851074,3076052.0,BCS,Barclays PLC Common Stock,N
2021-01-15,12.56999969482422,12.760000228881836,12.56999969482422,12.720000267028809,12.720000267028809,74836.0,BCSF,"Bain Capital Specialty Finance, Inc. Common Stock",N
2021-01-15,30.63999938964844,30.89999961853028,30.050800323486328,30.41029930114746,30.41029930114746,20242.0,BCV,"Bancroft Fund, Ltd.",N
2021-01-15,42.7400016784668,42.77999877929688,41.58000183105469,42.3849983215332,42.3849983215332,63009.0,BDC,Belden Inc Common Stock,N
2021-01-15,29.88999938964844,30.059999465942383,29.88999938964844,30.049999237060547,30.049999237060547,1538.0,BDCX,ETRACS Quarterly Pay 1.5X  Leveraged Wells Fargo BDC Index ETN,Y
2021-01-15,8.510000228881836,8.529999732971191,8.270000457763672,8.396100044250488,8.396100044250488,604080.0,BCX,BlackRock Resources Common Shares of Beneficial Interest,N
2021-01-15,16.010000228881836,16.327699661254883,16.270000457763672,16.327699661254883,16.327699661254883,803.0,BDCZ,"ETRACS Wells Fargo Business Development Company Index ETN Series B due April 26, 2041",N
2021-01-15,30.64999961853028,30.63719940185547,30.510099411010746,30.510099411010746,30.510099411010746,5678.0,BDEC,Innovator S&P 500 Buffer ETF - December,Y
2021-01-15,20.799999237060547,21.0,20.799999237060547,20.799999237060547,20.799999237060547,691.0,BDL,"Flanigan's Enterprises, Inc. Common Stock",N
2021-01-15,8.619999885559082,8.609999656677246,8.54170036315918,8.59000015258789,8.59000015258789,222653.0,BDJ,Blackrock Enhanced Equity Dividend Trust,N
2021-01-15,11.829999923706056,11.925000190734863,11.699999809265137,11.880000114440918,11.880000114440918,345765.0,BDN,Brandywine Realty Trust Common Stock,N
2021-01-15,11.5,11.5,11.0,11.059399604797363,11.059399604797363,102995.0,BDRY,Breakwave Dry Bulk Shipping ETF,Y
2021-01-15,257.8599853515625,261.3500061035156,257.5799865722656,260.2200012207031,260.2200012207031,453089.0,BDX,"Becton, Dickinson and Company Common Stock",N
2021-01-15,55.75,56.34000015258789,55.54999923706055,56.119998931884766,56.119998931884766,123357.0,BDXB,"Becton, Dickinson and Company Depositary Shares, each Representing a 1/20th Interest in a Share of 6.00% Mandatory Convertible Preferred Stock, Series B",N
2021-01-15,1.4800000190734863,1.5499999523162842,1.4500000476837158,1.5449999570846558,1.5449999570846558,131884.0,BDR,"Blonder Tongue Laboratories, Inc. Common Stock",N
2021-01-15,38.0099983215332,38.58000183105469,35.099998474121094,36.71530151367188,36.71530151367188,2926010.0,BE,Bloom Energy Corporation Class A Common Stock,N
2021-01-15,62.59999847412109,63.86000061035156,61.400001525878906,62.02000045776367,62.02000045776367,1024158.0,BEKE,KE Holdings Inc American Depositary Shares (each representing three Class A Ordinary Shares),N
2021-01-15,5.789999961853027,5.940000057220459,5.760000228881836,5.800000190734863,5.800000190734863,12828.0,BEDU,"Bright Scholar Education Holdings Limited American Depositary Shares, each  representing one Class A Ordinary Share",N
2021-01-15,26.71999931335449,27.11000061035156,26.59000015258789,26.739999771118164,26.739999771118164,1227477.0,BEN,"Franklin Resources, Inc. Common Stock",N
2021-01-15,45.09999847412109,45.06999969482422,43.68999862670898,44.650001525878906,44.650001525878906,402539.0,BEP,Brookfield Renewable Partners L.P. ,N
2021-01-15,57.79999923706055,58.119998931884766,55.34999847412109,57.7400016784668,57.7400016784668,288784.0,BEPC,Brookfield Renewable Corporation Class A Subordinate Voting Shares ,N
2021-01-15,53.52000045776367,53.810001373291016,52.37080001831055,53.310001373291016,53.310001373291016,270363.0,BERY,"Berry Global Group, Inc. Common Stock",N
2021-01-15,2.0899999141693115,2.0899999141693115,2.0,2.069999933242798,2.069999933242798,1715788.0,BEST,"BEST Inc. American Depositary Shares, each representing one Class A Ordinary Share",N
2021-01-15,29.200000762939453,29.200000762939453,28.34499931335449,28.725000381469727,28.725000381469727,350413.0,BETZ,Roundhill Sports Betting & iGaming ETF,Y
2021-01-15,156.11000061035156,159.9499969482422,155.9600067138672,158.7899932861328,158.7899932861328,218908.0,BFAM,Bright Horizons Family Solutions Inc. Common Stock,N
2021-01-15,27.350000381469727,27.309999465942383,27.26370048522949,27.26370048522949,27.26370048522949,5024.0,BFEB,Innovator S&P 500 Buffer ETF - February,Y
2021-01-15,15.119999885559082,15.100000381469728,15.060199737548828,15.085000038146973,15.085000038146973,15709.0,BFK,BlackRock Municipal Income Trust,N
2021-01-13,14.25,14.25,14.25,14.25,14.25,0.0,BFO,Blackrock Florida Municipal 2020 Term Trust,N
2021-01-15,15.699999809265137,16.190000534057617,14.949999809265137,15.630000114440918,15.630000114440918,4587280.0,BFT,Foley Trasimene Acquisition Corp. II Class A Common Stock,N
2021-01-15,31.559999465942383,31.89999961853028,31.209999084472656,31.84000015258789,31.84000015258789,27334.0,BFS,"Saul Centers, Inc. Common Stock",N
2021-01-15,52.59000015258789,52.59000015258789,51.93000030517578,52.0,52.0,4553.0,BFOR,Barron's 400,Y
2021-01-15,51.20000076293945,51.53499984741211,50.57619857788086,50.88999938964844,50.88999938964844,5574.0,BFTR,BlackRock Future Innovators ETF,Y
2021-01-15,14.359999656677246,14.379899978637695,14.379899978637695,14.379899978637695,14.379899978637695,1532.0,BFY,BlackRock New York Municipal Income Trust II,N
2021-01-15,13.850000381469728,13.949999809265137,13.84000015258789,13.94159984588623,13.94159984588623,31176.0,BFZ,BlackRock California Municipal Income Trust,N
2021-01-15,71.80000305175781,71.96759796142578,69.7699966430664,70.54000091552734,70.54000091552734,531744.0,BG,Bunge Limited Bunge Limited,N
2021-01-15,12.970000267028809,12.979999542236328,12.93000030517578,12.949999809265137,12.949999809265137,93038.0,BGB,Blackstone / GSO Strategic Credit Fund Common Shares,N
2021-01-15,15.359999656677246,15.359999656677246,15.25,15.260000228881836,15.260000228881836,24165.0,BGH,Barings Global Short Duration High Yield Fund Common Shares of Beneficial Interests,N
2021-01-15,1.1100000143051147,1.159999966621399,1.0499999523162842,1.1200000047683716,1.1200000047683716,397218.0,BGI,Birks Group Inc. Common Stock,N
2021-01-15,9.075599670410156,9.09000015258789,9.039999961853027,9.079999923706056,9.079999923706056,10909.0,BGIO,BlackRock 2022 Global Income Opportunity Trust Common Shares of Beneficial Interest,N
2021-01-15,8.029999732971191,8.029999732971191,7.78000020980835,7.880000114440918,7.880000114440918,200084.0,BGR,BlackRock Energy and Resources Trust,N
2021-01-15,28.040000915527344,28.64999961853028,27.559999465942383,27.825000762939453,27.825000762939453,1134501.0,BGS,"B&G Foods, Inc. B&G Foods, Inc. Common Stock",N
2021-01-15,13.779999732971191,13.720399856567385,13.25,13.489999771118164,13.489999771118164,42289.0,BGSF,BG Staffing Inc Common Stock,N
2021-01-15,12.199999809265137,12.270000457763672,12.125,12.270000457763672,12.270000457763672,46926.0,BGT,BlackRock Floating Rate Income Trust,N
2021-01-15,13.90999984741211,13.937899589538574,13.710000038146973,13.789999961853027,13.789999961853027,51728.0,BGX,Blackstone GSO Long Short Credit Income Fund Common Shares,N
2021-01-15,108.9800033569336,110.8499984741211,108.3000030517578,109.3000030517578,109.3000030517578,2126.0,BH,Biglari Holdings Inc. Class B Common Stock,N
2021-01-15,5.889999866485596,5.940000057220459,5.888400077819824,5.909900188446045,5.909900188446045,160632.0,BGY,Blackrock Enhanced International Dividend Trust,N
2021-01-15,22.75,23.040000915527344,22.75300025939941,22.86549949645996,22.86549949645996,10930.0,BHB,"Bar Harbor Bankshares, Inc. Common Stock",N
2021-01-15,26.18000030517578,26.600000381469727,25.64999961853028,26.049999237060547,26.049999237060547,2114303.0,BHC,Bausch Health Companies Inc. Common Stock,N
2021-01-15,27.65999984741211,27.709999084472656,27.09000015258789,27.549999237060547,27.549999237060547,43319.0,BHE,"Benchmark Electronics, Inc. Common Stock",N
2021-01-15,15.859999656677246,15.989999771118164,15.800100326538086,15.949999809265137,15.949999809265137,59241.0,BHK,Blackrock Core Bond Trust Blackrock Core Bond Trust,N
2021-01-15,19.06999969482422,19.299999237060547,18.920000076293945,19.15999984741211,19.15999984741211,123196.0,BHLB,"Berkshire Hills Bancorp, Inc. Common Stock",N
2021-01-15,71.79000091552734,71.83999633789062,70.33999633789062,70.88999938964844,70.88999938964844,1288189.0,BHP,BHP Group Limited American Depositary Shares (Each representing two Ordinary Shares),N
2021-01-15,5.019999980926514,5.119999885559082,4.889999866485596,5.019999980926514,5.019999980926514,125837.0,BHR,Braemar Hotels & Resorts Inc. Common Stock,N
2021-01-15,15.949999809265137,16.04599952697754,15.949999809265137,16.04599952697754,16.04599952697754,542.0,BHV,BlackRock Virginia Municipal Bond Trust,N
2021-01-15,91.23999786376952,92.37999725341795,88.12000274658203,88.23999786376953,88.23999786376953,120592.0,BHVN,Biohaven Pharmaceutical Holding Company Ltd. Common Shares,N
2021-01-15,37.36000061035156,37.20500183105469,37.07329940795898,37.13999938964844,37.13999938964844,7165.0,BIBL,Inspire 100 ETF,Y
2021-01-15,11.359999656677246,11.354999542236328,11.220000267028809,11.305100440979004,11.305100440979004,234025.0,BIF,"Boulder Growth & Income Fund, Inc.",N
2021-01-15,51.709999084472656,53.70000076293945,51.31010055541992,52.744998931884766,52.744998931884766,955208.0,BIG,"Big Lots, Inc. Common Stock",N
2021-01-15,91.51000213623048,91.5199966430664,91.51000213623048,91.5199966430664,91.5199966430664,1693716.0,BIL,SPDR Bloomberg Barclays 1-3 Month T-Bill ETF,Y
2021-01-15,129.9600067138672,131.2899932861328,127.01000213623048,128.1999969482422,128.1999969482422,513399.0,BILL,"Bill.com Holdings, Inc. Common Stock",N
2021-01-15,100.08000183105467,100.08000183105467,100.08000183105467,100.08000183105467,100.08000183105467,137.0,BILS,SPDR Bloomberg Barclays 3-12 Month T-Bill ETF,Y
2021-01-15,592.4299926757812,606.0050048828125,590.4749755859375,596.280029296875,596.280029296875,92291.0,BIO,"Bio-Rad Laboratories, Inc. Class A Common Stock",N
2021-01-15,8.0,8.146400451660156,7.650100231170654,7.823100090026855,7.823100090026855,30447.0,BIOX,Bioceres Crop Solutions Corp. Ordinary Shares,N
2021-01-15,52.36000061035156,53.09999847412109,51.99369812011719,53.09999847412109,53.09999847412109,166181.0,BIP,Brookfield Infrastructure Partners LP Limited Partnership Units,N
2021-01-15,65.63999938964844,66.41999816894531,64.65709686279297,66.36499786376953,66.36499786376953,49928.0,BIPC,Brookfield Infrastructure Partners LP Class A Subordinate Voting Shares ,N
2021-01-15,17.290000915527344,17.299999237060547,17.190000534057617,17.219999313354492,17.219999313354492,60176.0,BIT,BlackRock Multi-Sector Income Trust Common Shares of Beneficial Interest,N
2021-01-15,92.0999984741211,92.158203125,91.98999786376952,92.13999938964844,92.13999938964844,588984.0,BIV,Vanguard Intermediate-Term Bond ETF,Y
2021-01-15,14.149999618530272,14.239999771118164,14.149999618530272,14.226699829101562,14.226699829101562,85962.0,BIZD,VanEck Vectors BDC Income ETF,Y
2021-01-15,40.18000030517578,42.63140106201172,40.0,40.09000015258789,40.09000015258789,3493776.0,BJ,"BJ's Wholesale Club Holdings, Inc. Common Stock",N
2021-01-15,32.880001068115234,32.849998474121094,32.71580123901367,32.80670166015625,32.80670166015625,32795.0,BJAN,Innovator S&P 500 Buffer ETF - January,Y
2021-01-15,30.14999961853028,30.16189956665039,30.09000015258789,30.14940071105957,30.14940071105957,7879.0,BJUL,Innovator ETFs Trust Innovator S&P 500 Buffer ETF - July,Y
2021-01-14,31.299999237060547,31.32999992370605,31.256000518798828,31.256000518798828,31.256000518798828,3100.0,BJUN,Innovator S&P 500 Buffer ETF - June,Y
2021-01-15,50.33000183105469,50.34999847412109,50.27999877929688,50.34999847412109,50.34999847412109,9142.0,BKAG,BNY Mellon Core Bond ETF,Y
2021-01-15,45.959999084472656,46.15999984741211,45.31999969482422,45.73500061035156,45.73500061035156,1694181.0,BK,The Bank of New York Mellon Corporation Common Stock,N
2021-01-15,33.029998779296875,33.654998779296875,32.37139892578125,33.040000915527344,33.040000915527344,114442.0,BKE,"Buckle, Inc. (The) Common Stock",N
2021-01-15,4.800000190734863,4.809999942779541,4.619999885559082,4.704999923706055,4.704999923706055,475610.0,BKD,Brookdale Senior Living Inc. Common Stock,N
2021-01-15,77.06999969482422,77.06999969482422,76.76000213623047,76.76000213623047,76.76000213623047,1418.0,BKEM,BNY Mellon Emerging Markets Equity ETF,Y
2021-01-15,54.95000076293945,55.04999923706055,54.5,54.81999969482422,54.81999969482422,10957.0,BKF,iShares MSCI BRIC Index Fund,Y
2021-01-15,60.93999862670898,61.68999862670898,60.470001220703125,61.68999862670898,61.68999862670898,114766.0,BKH,Black Hills Corporation Common Stock,N
2021-01-15,56.150001525878906,56.220001220703125,56.150001525878906,56.220001220703125,56.220001220703125,5510.0,BKHY,BNY Mellon High Yield Beta ETF,Y
2021-01-15,84.55999755859375,85.44000244140625,84.21299743652344,84.31500244140625,84.31500244140625,305915.0,BKI,"Black Knight, Inc. Common Stock ",N
2021-01-15,68.80999755859375,68.81999969482422,68.41000366210938,68.5199966430664,68.5199966430664,1916.0,BKIE,BNY Mellon International Equity ETF,Y
2021-01-15,71.44999694824219,71.4800033569336,70.9800033569336,71.4000015258789,71.4000015258789,4606.0,BKLC,BNY Mellon US Large Cap Core Equity ETF,Y
2021-01-13,14.65999984741211,14.65999984741211,14.65999984741211,14.65999984741211,14.65999984741211,0.0,BKK,Blackrock Municipal 2020 Term Trust,N
2021-01-15,22.450000762939453,22.45499992370605,22.405000686645508,22.44499969482422,22.44499969482422,4498255.0,BKLN,Invesco Senior Loan ETF,Y
2021-01-15,80.27999877929688,80.0,79.66999816894531,79.94000244140625,79.94000244140625,6234.0,BKMC,BNY Mellon US Mid Cap Core Equity ETF,Y
2021-01-15,17.049999237060547,17.020000457763672,17.020000457763672,17.020000457763672,17.020000457763672,768.0,BKN,BlackRock Investment Quality Municipal Trust Inc. (The),N
2021-01-15,23.15999984741211,23.3799991607666,22.3799991607666,22.96999931335449,22.96999931335449,2824185.0,BKR,Baker Hughes Company Class A Common Stock,N
2021-01-15,51.66999816894531,51.67499923706055,51.66999816894531,51.67499923706055,51.67499923706055,1900.0,BKSB,BNY Mellon Short Duration Corporate Bond ETF,Y
2021-01-15,89.87000274658203,89.87000274658203,89.19000244140625,89.19000244140625,89.19000244140625,1118.0,BKSE,BNY Mellon US Small Cap Core Equity ETF,Y
2021-01-15,3.650000095367432,3.650000095367432,3.5601999759674072,3.5601999759674072,3.5601999759674072,907.0,BKTI,BK Technologies Corporation Common Stock,N
2021-01-15,38.720001220703125,39.31999969482422,38.47999954223633,38.869998931884766,38.869998931884766,177979.0,BKU,"BankUnited, Inc. Common Stock",N
2021-01-15,199.38999938964844,201.63999938964844,194.94000244140625,200.6000061035156,200.6000061035156,85185.0,BLD,TopBuild Corp. Common Stock,N
2021-01-15,6.03000020980835,6.03000020980835,6.010000228881836,6.019999980926514,6.019999980926514,122397.0,BKT,BlackRock Income Trust Inc. (The),N
2021-01-15,29.15999984741211,29.15999984741211,29.15999984741211,29.15999984741211,29.15999984741211,142.0,BLDG,Cambria Global Real Estate ETF,Y
2021-01-15,34.619998931884766,34.5,34.41550064086914,34.5,34.5,413.0,BLES,Inspire Global Hope ETF,Y
2021-01-15,15.380000114440918,15.369999885559082,15.279999732971191,15.348999977111816,15.348999977111816,18823.0,BLE,BlackRock Municipal Income Trust II,N
2021-01-14,24.325000762939453,24.325000762939453,24.325000762939453,24.325000762939453,24.325000762939453,0.0,BLHY,Virtus Newfleet Dynamic Credit,Y
2021-01-15,742.1799926757812,754.4398803710938,728.4149780273438,734.469970703125,734.469970703125,576730.0,BLK,"BlackRock, Inc. Common Stock",N
2021-01-15,89.75,90.22000122070312,89.24500274658203,90.04000091552734,90.04000091552734,707832.0,BLL,Ball Corporation Common Stock,N
2021-01-15,40.470001220703125,40.59999847412109,39.1349983215332,39.709999084472656,39.709999084472656,428263.0,BLOK,Amplify Transformational Data Sharing ETF,Y
2021-01-15,106.63999938964844,107.01000213623048,106.5,106.87999725341795,106.87999725341795,203531.0,BLV,Vanguard Long-Term Bond ETF,Y
2021-01-15,29.690000534057617,29.71999931335449,29.690000534057617,29.71999931335449,29.71999931335449,5165.0,BMAR,Innovator S&P 500 Buffer ETF - March,Y
2021-01-15,16.139999389648438,16.190000534057617,16.010000228881836,16.059999465942383,16.059999465942383,43760.0,BLW,Blackrock Limited Duration Income Trust,N
2021-01-15,14.300000190734863,14.380000114440918,14.010000228881836,14.08810043334961,14.08810043334961,91715.0,BMA,Banco Macro S.A.  ADR (representing Ten Class B Common Shares),N
2021-01-15,15.979999542236328,16.100000381469727,15.609999656677246,16.0,16.0,43665.0,BLX,"Banco Latinoamericano de Comercio Exterior, S.A.",N
2021-01-14,29.61000061035156,29.770000457763672,29.61000061035156,29.724000930786133,29.724000930786133,2900.0,BMAY,Innovator S&P 500 Buffer ETF - May,Y
2021-01-15,49.79999923706055,49.8921012878418,49.41999816894531,49.78499984741211,49.78499984741211,16701.0,BME,Blackrock Health Sciences Trust,N
2021-01-15,31.100000381469727,31.100000381469727,31.100000381469727,31.100000381469727,31.100000381469727,1786.0,BMED,BlackRock Future Health ETF,Y
2021-01-15,30.14999961853028,30.3129997253418,29.94499969482422,29.94499969482422,29.94499969482422,50338.0,BMEZ,BlackRock Health Sciences Trust II Common Shares of Beneficial Interest,N
2021-01-15,105.29000091552734,105.25,99.31999969482422,99.97000122070312,99.97000122070312,135142.0,BMI,"Badger Meter, Inc. Common Stock",N
2021-01-15,78.13999938964844,78.9000015258789,77.70999908447266,78.88999938964844,78.88999938964844,233915.0,BMO,Bank Of Montreal Common Stock,N
2021-01-15,66.0199966430664,66.86000061035156,65.55000305175781,66.70500183105469,66.70500183105469,5289913.0,BMY,Bristol-Myers Squibb Company Common Stock,N
2021-01-15,26.77589988708496,26.77589988708496,26.75,26.75,26.75,35212.0,BNDC,FlexShares Core Select Bond Fund,Y
2021-01-15,31.86000061035156,31.86000061035156,30.89999961853028,31.040000915527344,31.040000915527344,16157.0,BNE,ETF Series Solutions Blue Horizon BNE ETF,Y
2021-01-15,5.539999961853027,5.549499988555908,5.300000190734863,5.450099945068359,5.450099945068359,200728.0,BNED,"Barnes & Noble Education, Inc Common Stock",N
2021-01-15,2.8499999046325684,3.049999952316284,2.8499999046325684,2.970000028610229,2.970000028610229,99525.0,BNKD,MicroSectors U.S. Big Banks Index -3X Inverse Leveraged ETNs,N
2021-01-15,33.81999969482422,33.81999969482422,31.1299991607666,32.08000183105469,32.08000183105469,232979.0,BNKU,MicroSectors U.S. Big Banks Index 3X Leveraged ETNs,N
